{
"featOrder": [
"p80L",
"p50L",
"p20L",
"pass1",
"pass4",
"pass8",
"pass16",
"pass32",
"tph",
"kW",
"reduction",
"f80L",
"ecs",
"feedM"
],
"mean": [
1.4966472387313843,
1.176942229270935,
0.4919959008693695,
0.15199708938598633,
0.3023568391799927,
0.43275362253189087,
0.5741495490074158,
0.6722806692123413,
1235.3638916015625,
171.9132080078125,
4.22201681137085,
1.9823639392852783,
0.792672336101532,
1.2992889881134033
],
"std": [
0.5589892268180847,
0.6109964847564697,
0.7334210276603699,
0.12066808342933655,
0.2328638732433319,
0.31766995787620544,
0.36692529916763306,
0.3401143550872803,
1579.9822998046875,
94.39093780517578,
3.9194679260253906,
0.3159380853176117,
0.3482627868652344,
0.34256961941719055
]
}