{
"threshold_p99": 0.13625,
"trainReconMean": 0.02933
}