{
"featOrder": [
"p80L",
"p50L",
"p20L",
"pass1",
"pass4",
"pass8",
"pass16",
"pass32",
"tph",
"kW",
"reduction",
"f80L",
"ecs",
"feedM"
],
"mean": [
1.5328279733657837,
1.2654211521148682,
0.7464705109596252,
0.08103108406066895,
0.21665354073047638,
0.35093462467193604,
0.5191423892974854,
0.6636831760406494,
635.5134887695312,
157.43727111816406,
4.05371618270874,
2.025104284286499,
0.90530925989151,
1.3164345026016235
],
"std": [
0.46392348408699036,
0.47575756907463074,
0.51545250415802,
0.07113064080476761,
0.1843600571155548,
0.27828556299209595,
0.3410247266292572,
0.3167971670627594,
318.6986389160156,
90.13846588134766,
3.598292112350464,
0.2849678695201874,
0.3631671369075775,
0.3442978262901306
]
}