{
"threshold_p99": 0.39788,
"trainReconMean": 0.07849
}