{
"inputOrder": [
"machine_cone-sec",
"machine_cone-tert",
"machine_jaw",
"machine_cone-short-head",
"machine_gyratory",
"cssMm",
"throwMm",
"speedRpm",
"feedX63Mm",
"feedM",
"oreAxb"
],
"inMean": [
64.79916381835938,
26.214658737182617,
347.701416015625,
201.43331909179688,
1.2992889881134033,
70.57890319824219
],
"inStd": [
61.99108123779297,
10.177175521850586,
138.9183349609375,
208.14141845703125,
0.34256961941719055,
22.797754287719727
],
"outputOrder": [
"p80",
"p50",
"p20",
"pass1",
"pass4",
"pass8",
"pass16",
"pass32",
"tph",
"kW"
],
"outLog": [
true,
true,
true,
false,
false,
false,
false,
false,
false,
false
],
"outMean": [
1.4966472387313843,
1.176942229270935,
0.4919959008693695,
0.15199708938598633,
0.3023568391799927,
0.43275362253189087,
0.5741495490074158,
0.6722806692123413,
1235.3638916015625,
171.9132080078125
],
"outStd": [
0.5589892268180847,
0.6109964847564697,
0.7334210276603699,
0.12066808342933655,
0.2328638732433319,
0.31766995787620544,
0.36692529916763306,
0.3401143550872803,
1579.9822998046875,
94.39093780517578
]
}