{
"inputOrder": [
"machine_cone-sec",
"machine_cone-tert",
"machine_jaw",
"cssMm",
"throwMm",
"speedRpm",
"feedX63Mm",
"feedM",
"oreAxb"
],
"inMean": [
55.319515228271484,
28.330860137939453,
353.2570495605469,
165.05776977539062,
1.3164345026016235,
70.84423065185547
],
"inStd": [
44.48833465576172,
10.450695991516113,
109.91813659667969,
141.84181213378906,
0.3442978262901306,
22.650789260864258
],
"outputOrder": [
"p80",
"p50",
"p20",
"pass1",
"pass4",
"pass8",
"pass16",
"pass32",
"tph",
"kW"
],
"outLog": [
true,
true,
true,
false,
false,
false,
false,
false,
false,
false
],
"outMean": [
1.5328279733657837,
1.2654211521148682,
0.7464705109596252,
0.08103108406066895,
0.21665354073047638,
0.35093462467193604,
0.5191423892974854,
0.6636831760406494,
635.5134887695312,
157.43727111816406
],
"outStd": [
0.46392348408699036,
0.47575756907463074,
0.51545250415802,
0.07113064080476761,
0.1843600571155548,
0.27828556299209595,
0.3410247266292572,
0.3167971670627594,
318.6986389160156,
90.13846588134766
]
}